,Country-ID,State,Country,Continent,Total,Latitude,Longitude
0,africa-algeria,,Algeria,Africa,Total,28.0000272,2.9999825
1,africa-angola,,Angola,Africa,Total,-11.8775768,17.5691241
2,africa-benin,,Benin,Africa,Total,9.5293472,2.2584408
3,africa-botswana,,Botswana,Africa,Total,-23.1681782,24.5928742
4,africa-burkina-faso,,Burkina Faso,Africa,Total,12.0753083,-1.6880314
5,africa-burundi,,Burundi,Africa,Total,-3.3634357,29.8870575
6,africa-cabo-verde,,Cabo Verde,Africa,Total,16.0000552,-24.0083947
7,africa-cameroon,,Cameroon,Africa,Total,4.6125522,13.1535811
8,africa-central-african-republic,,Central African Republic,Africa,Total,7.0323598,19.9981227
9,africa-chad,,Chad,Africa,Total,15.6134137,19.0156172
10,africa-comoros,,Comoros,Africa,Total,-12.2045176,44.2832964
11,africa-congo-brazzaville,,Congo (Brazzaville),Africa,Total,-0.7264327,15.6419155
12,africa-congo-kinshasa,,Congo (Kinshasa),Africa,Total,-2.9814344,23.8222636
13,africa-djibouti,,Djibouti,Africa,Total,11.8145966,42.8453061
14,africa-egypt,,Egypt,Africa,Total,26.2540493,29.2675469
15,africa-equatorial-guinea,,Equatorial Guinea,Africa,Total,1.613172,10.5170357
16,africa-eritrea,,Eritrea,Africa,Total,15.9500319,37.9999668
17,africa-eswatini,,Eswatini,Africa,Total,-26.5624806,31.3991317
18,africa-ethiopia,,Ethiopia,Africa,Total,10.2116702,38.6521203
19,africa-gabon,,Gabon,Africa,Total,-0.8999695,11.6899699
20,africa-gambia,,Gambia,Africa,Total,13.470062,-15.4900464
21,africa-ghana,,Ghana,Africa,Total,8.0300284,-1.0800271
22,africa-guinea,,Guinea,Africa,Total,10.7226226,-10.7083587
23,africa-guinea-bissau,,Guinea-Bissau,Africa,Total,12.100035,-14.9000214
24,africa-ivory-coast,,Ivory Coast,Africa,Total,7.9897371,-5.5679458
25,africa-kenya,,Kenya,Africa,Total,1.4419683,38.4313975
26,africa-liberia,,Liberia,Africa,Total,5.7499721,-9.3658524
27,africa-libya,,Libya,Africa,Total,26.8234472,18.1236723
28,africa-madagascar,,Madagascar,Africa,Total,-18.9249604,46.4416422
29,africa-malawi,,Malawi,Africa,Total,-13.2687204,33.9301963
30,africa-mali,,Mali,Africa,Total,16.3700359,-2.2900239
31,africa-mauritania,,Mauritania,Africa,Total,20.2540382,-9.2399263
32,africa-mauritius,,Mauritius,Africa,Total,-20.2759451,57.5703566
33,africa-morocco,,Morocco,Africa,Total,31.1728205,-7.3362482
34,africa-mozambique,,Mozambique,Africa,Total,-19.302233,34.9144977
35,africa-namibia,,Namibia,Africa,Total,-23.2335499,17.3231107
36,africa-niger,,Niger,Africa,Total,17.7356214,9.3238432
37,africa-nigeria,,Nigeria,Africa,Total,9.6000359,7.9999721
38,africa-rwanda,,Rwanda,Africa,Total,-1.9646631,30.0644358
39,africa-sao-tome-and-principe,,Sao Tome and Principe,Africa,Total,0.8875498,6.9648718
40,africa-senegal,,Senegal,Africa,Total,14.4750607,-14.4529612
41,africa-seychelles,,Seychelles,Africa,Total,-4.6574977,55.4540146
42,africa-sierra-leone,,Sierra Leone,Africa,Total,8.6400349,-11.8400269
43,africa-somalia,,Somalia,Africa,Total,8.3676771,49.083416
44,africa-south-africa,,South Africa,Africa,Total,-28.8166236,24.991639
45,africa-south-sudan,,South Sudan,Africa,Total,7.8699431,29.6667897
46,africa-sudan,,Sudan,Africa,Total,14.5844444,29.4917691
47,africa-tanzania,,Tanzania,Africa,Total,-6.5247123,35.7878438
48,africa-togo,,Togo,Africa,Total,8.7800265,1.0199765
49,africa-tunisia,,Tunisia,Africa,Total,33.8439408,9.400138
50,africa-uganda,,Uganda,Africa,Total,1.5333554,32.2166578
51,africa-western-sahara,,Western Sahara,Africa,Total,24.1797324,-13.7667848
52,africa-zambia,,Zambia,Africa,Total,-14.5186239,27.5599164
53,africa-zimbabwe,,Zimbabwe,Africa,Total,-18.4554963,29.7468414
54,america-antigua-and-barbuda,,Antigua and Barbuda,America,Total,17.2234721,-61.9554608
55,america-argentina,,Argentina,America,Total,-34.9964963,-64.9672817
56,america-bahamas,,Bahamas,America,Total,24.7736546,-78.0000547
57,america-barbados,,Barbados,America,Total,13.1500331,-59.5250305
58,america-belize,,Belize,America,Total,16.8259793,-88.7600927
59,america-bolivia,,Bolivia,America,Total,-17.0568696,-64.9912286
60,america-brazil,,Brazil,America,Total,-10.3333333,-53.2
61,america-canada-alberta,Alberta,Canada,America,Total,55.001251,-115.002136
62,america-canada-british-columbia,British Columbia,Canada,America,Total,55.001251,-125.002441
63,america-canada,,Canada,America,Total,61.0666922,-107.9917071
64,america-canada-diamond-princess,Diamond Princess,Canada,America,Total,0.0,0.0
65,america-canada-grand-princess,Grand Princess,Canada,America,Total,49.28232185,-123.13686849714458
66,america-canada-manitoba,Manitoba,Canada,America,Total,55.001251,-97.001038
67,america-canada-new-brunswick,New Brunswick,Canada,America,Total,46.500283,-66.750183
68,america-canada-newfoundland-and-labrador,Newfoundland and Labrador,Canada,America,Total,53.8217327,-61.2295532
69,america-canada-northwest-territories,Northwest Territories,Canada,America,Total,65.0000004,-118.0
70,america-canada-nova-scotia,Nova Scotia,Canada,America,Total,45.1960403,-63.1653789
71,america-canada-ontario,Ontario,Canada,America,Total,50.000678,-86.000977
72,america-canada-prince-edward-island,Prince Edward Island,Canada,America,Total,46.503545349999996,-63.595517139914485
73,america-canada-quebec,Quebec,Canada,America,Total,52.4760892,-71.8258668
74,america-canada-recovered,Recovered,Canada,America,Total,0.0,0.0
75,america-canada-saskatchewan,Saskatchewan,Canada,America,Total,55.5321257,-106.1412243
76,america-canada-yukon,Yukon,Canada,America,Total,63.000147,-136.002502
77,america-chile,,Chile,America,Total,-31.7613365,-71.3187697
78,america-colombia,,Colombia,America,Total,2.8894434,-73.783892
79,america-costa-rica,,Costa Rica,America,Total,10.2735633,-84.0739102
80,america-cuba,,Cuba,America,Total,23.0131338,-80.8328748
81,america-dominica,,Dominica,America,Total,19.0974031,-70.3028026
82,america-dominican-republic,,Dominican Republic,America,Total,19.0974031,-70.3028026
83,america-ecuador,,Ecuador,America,Total,-1.3397668,-79.3666965
84,america-el-salvador,,El Salvador,America,Total,13.8000382,-88.9140683
85,america-grenada,,Grenada,America,Total,12.1360374,-61.6904045
86,america-guatemala,,Guatemala,America,Total,15.6356088,-89.8988087
87,america-guyana,,Guyana,America,Total,4.8417097,-58.6416891
88,america-haiti,,Haiti,America,Total,19.1399952,-72.3570972
89,america-honduras,,Honduras,America,Total,15.2572432,-86.0755145
90,america-jamaica,,Jamaica,America,Total,18.1152958,-77.1598454610168
91,america-mexico,,Mexico,America,Total,19.4326296,-99.1331785
92,america-nicaragua,,Nicaragua,America,Total,12.6090157,-85.2936911
93,america-panama,,Panama,America,Total,8.559559,-81.1308434
94,america-paraguay,,Paraguay,America,Total,-23.3165935,-58.1693445
95,america-peru,,Peru,America,Total,-6.8699697,-75.0458515
96,america-saint-kitts-and-nevis,,Saint Kitts and Nevis,America,Total,17.250512,-62.6725973
97,america-saint-lucia,,Saint Lucia,America,Total,13.8250489,-60.975036
98,america-saint-vincent-and-the-grenadines,,Saint Vincent and the Grenadines,America,Total,12.90447,-61.2765569
99,america-suriname,,Suriname,America,Total,4.1413025,-56.0771187
100,america-trinidad-and-tobago,,Trinidad and Tobago,America,Total,10.8677845,-60.9821067
101,america-united-states-of-america-alabama,Alabama,United States of America,America,Total,33.2588817,-86.8295337
102,america-united-states-of-america-alaska,Alaska,United States of America,America,Total,64.4459613,-149.680909
103,america-united-states-of-america-american-samoa,American Samoa,United States of America,America,Total,-14.300630949999999,-170.69597479165532
104,america-united-states-of-america-arizona,Arizona,United States of America,America,Total,34.395342,-111.7632755
105,america-united-states-of-america-arkansas,Arkansas,United States of America,America,Total,35.2048883,-92.4479108
106,america-united-states-of-america-california,California,United States of America,America,Total,36.7014631,-118.7559974
107,america-united-states-of-america-colorado,Colorado,United States of America,America,Total,38.7251776,-105.6077167
108,america-united-states-of-america-connecticut,Connecticut,United States of America,America,Total,41.6500201,-72.7342163
109,america-united-states-of-america-delaware,Delaware,United States of America,America,Total,38.6920451,-75.4013315
110,america-united-states-of-america-diamond-princess,Diamond Princess,United States of America,America,Total,0.0,0.0
111,america-united-states-of-america-district-of-columbia,District of Columbia,United States of America,America,Total,38.893661249999994,-76.98788325388196
112,america-united-states-of-america-florida,Florida,United States of America,America,Total,27.7567667,-81.4639835
113,america-united-states-of-america-georgia,Georgia,United States of America,America,Total,32.3293809,-83.1137366
114,america-united-states-of-america-grand-princess,Grand Princess,United States of America,America,Total,38.3875819,-82.7457188
115,america-united-states-of-america-guam,Guam,United States of America,America,Total,13.450125700000001,144.75755102972062
116,america-united-states-of-america-hawaii,Hawaii,United States of America,America,Total,21.2160437,-157.975203
117,america-united-states-of-america-idaho,Idaho,United States of America,America,Total,43.6447642,-114.0154071
118,america-united-states-of-america-illinois,Illinois,United States of America,America,Total,40.0796606,-89.4337288
119,america-united-states-of-america-indiana,Indiana,United States of America,America,Total,40.3270127,-86.1746933
120,america-united-states-of-america-iowa,Iowa,United States of America,America,Total,41.9216734,-93.3122705
121,america-united-states-of-america-kansas,Kansas,United States of America,America,Total,38.27312,-98.5821872
122,america-united-states-of-america-kentucky,Kentucky,United States of America,America,Total,37.5726028,-85.1551411
123,america-united-states-of-america-louisiana,Louisiana,United States of America,America,Total,30.8703881,-92.007126
124,america-united-states-of-america-maine,Maine,United States of America,America,Total,45.709097,-68.8590201
125,america-united-states-of-america-maryland,Maryland,United States of America,America,Total,39.5162234,-76.9382069
126,america-united-states-of-america-massachusetts,Massachusetts,United States of America,America,Total,42.3788774,-72.032366
127,america-united-states-of-america-michigan,Michigan,United States of America,America,Total,43.6211955,-84.6824346
128,america-united-states-of-america-minnesota,Minnesota,United States of America,America,Total,45.9896587,-94.6113288
129,america-united-states-of-america-mississippi,Mississippi,United States of America,America,Total,32.9715645,-89.7348497
130,america-united-states-of-america-missouri,Missouri,United States of America,America,Total,38.7604815,-92.5617875
131,america-united-states-of-america-montana,Montana,United States of America,America,Total,47.3752671,-109.6387579
132,america-united-states-of-america-nebraska,Nebraska,United States of America,America,Total,41.7370229,-99.5873816
133,america-united-states-of-america-nevada,Nevada,United States of America,America,Total,39.5158825,-116.8537227
134,america-united-states-of-america-new-hampshire,New Hampshire,United States of America,America,Total,43.4849133,-71.6553992
135,america-united-states-of-america-new-jersey,New Jersey,United States of America,America,Total,40.0757384,-74.4041622
136,america-united-states-of-america-new-mexico,New Mexico,United States of America,America,Total,34.5708167,-105.993007
137,america-united-states-of-america-new-york,New York,United States of America,America,Total,40.7127281,-74.0060152
138,america-united-states-of-america-north-carolina,North Carolina,United States of America,America,Total,35.6729639,-79.0392919
139,america-united-states-of-america-north-dakota,North Dakota,United States of America,America,Total,47.6201461,-100.540737
140,america-united-states-of-america-northern-mariana-islands,Northern Mariana Islands,United States of America,America,Total,14.149020499999999,145.21345248318923
141,america-united-states-of-america-ohio,Ohio,United States of America,America,Total,40.2253569,-82.6881395
142,america-united-states-of-america-oklahoma,Oklahoma,United States of America,America,Total,34.9550817,-97.2684063
143,america-united-states-of-america-oregon,Oregon,United States of America,America,Total,43.9792797,-120.737257
144,america-united-states-of-america-pennsylvania,Pennsylvania,United States of America,America,Total,40.9699889,-77.7278831
145,america-united-states-of-america-puerto-rico,Puerto Rico,United States of America,America,Total,18.2214149,-66.41328179513847
146,america-united-states-of-america-rhode-island,Rhode Island,United States of America,America,Total,41.7962409,-71.5992372
147,america-united-states-of-america-south-carolina,South Carolina,United States of America,America,Total,33.6874388,-80.4363743
148,america-united-states-of-america-south-dakota,South Dakota,United States of America,America,Total,44.6471761,-100.348761
149,america-united-states-of-america-tennessee,Tennessee,United States of America,America,Total,35.7730076,-86.2820081
150,america-united-states-of-america-texas,Texas,United States of America,America,Total,31.8160381,-99.5120986
151,america-united-states-of-america-utah,Utah,United States of America,America,Total,39.4225192,-111.7143584
152,america-united-states-of-america-vermont,Vermont,United States of America,America,Total,44.5990718,-72.5002608
153,america-united-states-of-america-virgin-islands,Virgin Islands,United States of America,America,Total,17.789187,-64.7080574
154,america-united-states-of-america-virginia,Virginia,United States of America,America,Total,37.1232245,-78.4927721
155,america-united-states-of-america-washington,Washington,United States of America,America,Total,38.8949855,-77.0365708
156,america-united-states-of-america-west-virginia,West Virginia,United States of America,America,Total,38.4758406,-80.8408415
157,america-united-states-of-america-wisconsin,Wisconsin,United States of America,America,Total,44.4308975,-89.6884637
158,america-united-states-of-america-wyoming,Wyoming,United States of America,America,Total,43.1700264,-107.5685348
159,america-uruguay,,Uruguay,America,Total,-32.8755548,-56.0201525
160,america-venezuela,,Venezuela,America,Total,8.0018709,-66.1109318
161,asia-pacific-afghanistan,,Afghanistan,Asia-Pacific,Total,33.7680065,66.2385139
162,asia-pacific-australia-australian-capital-territory,Australian Capital Territory,Australia,Asia-Pacific,Total,-35.4883502,149.0026942
163,asia-pacific-australia-new-south-wales,New South Wales,Australia,Asia-Pacific,Total,-31.8759835,147.2869493
164,asia-pacific-australia-northern-territory,Northern Territory,Australia,Asia-Pacific,Total,-19.8516101,133.2303375
165,asia-pacific-australia-queensland,Queensland,Australia,Asia-Pacific,Total,-22.1646782,144.5844903
166,asia-pacific-australia-south-australia,South Australia,Australia,Asia-Pacific,Total,-30.5343665,135.6301212
167,asia-pacific-australia-tasmania,Tasmania,Australia,Asia-Pacific,Total,-42.14220555,146.6723517878467
168,asia-pacific-australia-victoria,Victoria,Australia,Asia-Pacific,Total,-36.5986096,144.6780052
169,asia-pacific-australia-western-australia,Western Australia,Australia,Asia-Pacific,Total,-25.2303005,121.0187246
170,asia-pacific-bahrain,,Bahrain,Asia-Pacific,Total,26.1551249,50.5344606
171,asia-pacific-bangladesh,,Bangladesh,Asia-Pacific,Total,24.4768783,90.2932426
172,asia-pacific-bhutan,,Bhutan,Asia-Pacific,Total,27.549511,90.5119273
173,asia-pacific-brunei,,Brunei,Asia-Pacific,Total,4.4137155,114.5653908
174,asia-pacific-cambodia,,Cambodia,Asia-Pacific,Total,13.5066394,104.869423
175,asia-pacific-china-anhui,Anhui,China,Asia-Pacific,Total,32.0,117.0
176,asia-pacific-china-beijing,Beijing,China,Asia-Pacific,Total,17.074985,-96.713869
177,asia-pacific-china-chongqing,Chongqing,China,Asia-Pacific,Total,29.5585712,106.5492822
178,asia-pacific-china-fujian,Fujian,China,Asia-Pacific,Total,26.5450001,117.842778
179,asia-pacific-china-gansu,Gansu,China,Asia-Pacific,Total,38.0000001,101.9999999
180,asia-pacific-china-guangdong,Guangdong,China,Asia-Pacific,Total,23.1357694,113.1982688
181,asia-pacific-china-guangxi,Guangxi,China,Asia-Pacific,Total,-8.8191074,13.2435036
182,asia-pacific-china-guizhou,Guizhou,China,Asia-Pacific,Total,27.0,107.0
183,asia-pacific-china-hainan,Hainan,China,Asia-Pacific,Total,19.2000001,109.5999999
184,asia-pacific-china-hebei,Hebei,China,Asia-Pacific,Total,39.0000001,116.0
185,asia-pacific-china-heilongjiang,Heilongjiang,China,Asia-Pacific,Total,48.0000047,127.999992
186,asia-pacific-china-henan,Henan,China,Asia-Pacific,Total,34.0000001,113.9999999
187,asia-pacific-china-hong-kong,Hong Kong,China,Asia-Pacific,Total,22.2793278,114.1628131
188,asia-pacific-china-hubei,Hubei,China,Asia-Pacific,Total,31.15172525,112.87832224656043
189,asia-pacific-china-hunan,Hunan,China,Asia-Pacific,Total,27.9995878,112.009538
190,asia-pacific-china-inner-mongolia,Inner Mongolia,China,Asia-Pacific,Total,43.2443242,114.3251664
191,asia-pacific-china-jiangsu,Jiangsu,China,Asia-Pacific,Total,33.0000001,119.9999999
192,asia-pacific-china-jiangxi,Jiangxi,China,Asia-Pacific,Total,28.0,116.0
193,asia-pacific-china-jilin,Jilin,China,Asia-Pacific,Total,42.9995032,125.9816054
194,asia-pacific-china-liaoning,Liaoning,China,Asia-Pacific,Total,40.9975197,122.9955469
195,asia-pacific-china-macau,Macau,China,Asia-Pacific,Total,22.1757605,113.5514142
196,asia-pacific-china-ningxia,Ningxia,China,Asia-Pacific,Total,37.0000001,105.9999999
197,asia-pacific-china-qinghai,Qinghai,China,Asia-Pacific,Total,35.40709525,95.95211573241954
198,asia-pacific-china-shaanxi,Shaanxi,China,Asia-Pacific,Total,36.0,109.0
199,asia-pacific-china-shandong,Shandong,China,Asia-Pacific,Total,36.0000001,118.9999999
200,asia-pacific-china-shanghai,Shanghai,China,Asia-Pacific,Total,31.2322758,121.4692071
201,asia-pacific-china-shanxi,Shanxi,China,Asia-Pacific,Total,37.0,112.0
202,asia-pacific-china-sichuan,Sichuan,China,Asia-Pacific,Total,53.2780787,-6.2107338
203,asia-pacific-china-tianjin,Tianjin,China,Asia-Pacific,Total,39.1235635,117.1980785
204,asia-pacific-china-tibet,Tibet,China,Asia-Pacific,Total,31.894343149999997,87.07813712706509
205,asia-pacific-china-xinjiang,Xinjiang,China,Asia-Pacific,Total,41.7574769,87.16738423046897
206,asia-pacific-china-yunnan,Yunnan,China,Asia-Pacific,Total,25.0,102.0
207,asia-pacific-china-zhejiang,Zhejiang,China,Asia-Pacific,Total,29.0000001,119.9999999
208,asia-pacific-east-timor,,East Timor,Asia-Pacific,Total,-8.5151979,125.8375756
209,asia-pacific-fiji,,Fiji,Asia-Pacific,Total,-18.1239696,179.0122737
210,asia-pacific-india,,India,Asia-Pacific,Total,22.3511148,78.6677428
211,asia-pacific-indonesia,,Indonesia,Asia-Pacific,Total,-2.4833826,117.8902853
212,asia-pacific-iran,,Iran,Asia-Pacific,Total,32.6475314,54.5643516
213,asia-pacific-iraq,,Iraq,Asia-Pacific,Total,33.0955793,44.1749775
214,asia-pacific-israel,,Israel,Asia-Pacific,Total,31.5313113,34.8667654
215,asia-pacific-japan,,Japan,Asia-Pacific,Total,36.5748441,139.2394179
216,asia-pacific-jordan,,Jordan,Asia-Pacific,Total,31.1667049,36.941628
217,asia-pacific-kuwait,,Kuwait,Asia-Pacific,Total,29.2733964,47.4979476
218,asia-pacific-kyrgyzstan,,Kyrgyzstan,Asia-Pacific,Total,41.5089324,74.724091
219,asia-pacific-laos,,Laos,Asia-Pacific,Total,20.0171109,103.378253
220,asia-pacific-lebanon,,Lebanon,Asia-Pacific,Total,33.8750629,35.843409
221,asia-pacific-malaysia,,Malaysia,Asia-Pacific,Total,4.5693754,102.2656823
222,asia-pacific-maldives,,Maldives,Asia-Pacific,Total,4.7064352,73.3287853
223,asia-pacific-mongolia,,Mongolia,Asia-Pacific,Total,46.8250388,103.8499736
224,asia-pacific-myanmar,,Myanmar,Asia-Pacific,Total,17.1750495,95.9999652
225,asia-pacific-nepal,,Nepal,Asia-Pacific,Total,28.1083929,84.0917139
226,asia-pacific-new-zealand,,New Zealand,Asia-Pacific,Total,-41.5000831,172.8344077
227,asia-pacific-oman,,Oman,Asia-Pacific,Total,21.0000287,57.0036901
228,asia-pacific-pakistan,,Pakistan,Asia-Pacific,Total,30.3308401,71.247499
229,asia-pacific-papua-new-guinea,,Papua New Guinea,Asia-Pacific,Total,-5.6816069,144.2489081
230,asia-pacific-philippines,,Philippines,Asia-Pacific,Total,12.7503486,122.7312101
231,asia-pacific-qatar,,Qatar,Asia-Pacific,Total,25.3336984,51.2295295
232,asia-pacific-saudi-arabia,,Saudi Arabia,Asia-Pacific,Total,25.6242618,42.3528328
233,asia-pacific-singapore,,Singapore,Asia-Pacific,Total,1.357107,103.8194992
234,asia-pacific-south-korea,,South Korea,Asia-Pacific,Total,36.638392,127.6961188
235,asia-pacific-sri-lanka,,Sri Lanka,Asia-Pacific,Total,7.5554942,80.7137847
236,asia-pacific-syria,,Syria,Asia-Pacific,Total,34.6401861,39.0494106
237,asia-pacific-taiwan,,Taiwan,Asia-Pacific,Total,23.9739374,120.9820179
238,asia-pacific-tajikistan,,Tajikistan,Asia-Pacific,Total,38.6281733,70.8156541
239,asia-pacific-thailand,,Thailand,Asia-Pacific,Total,14.8971921,100.83273
240,asia-pacific-united-arab-emirates,,United Arab Emirates,Asia-Pacific,Total,24.0002488,53.9994829
241,asia-pacific-uzbekistan,,Uzbekistan,Asia-Pacific,Total,41.32373,63.9528098
242,asia-pacific-vietnam,,Vietnam,Asia-Pacific,Total,13.2904027,108.4265113
243,asia-pacific-west-bank-and-gaza,,West Bank and Gaza,Asia-Pacific,Total,31.4331663,34.3779285
244,asia-pacific-yemen,,Yemen,Asia-Pacific,Total,16.3471243,47.8915271
245,doubled-us,,US,Doubled,,39.7837304,-100.4458825
246,eurasia-armenia,,Armenia,Eurasia,Total,40.7696272,44.6736646
247,eurasia-azerbaijan,,Azerbaijan,Eurasia,Total,40.3936294,47.7872508
248,eurasia-cyprus,,Cyprus,Eurasia,Total,34.9823018,33.1451285
249,eurasia-georgia,,Georgia,Eurasia,Total,32.3293809,-83.1137366
250,eurasia-kazakhstan,,Kazakhstan,Eurasia,Total,47.2286086,65.2093197
251,eurasia-russia,,Russia,Eurasia,Total,64.6863136,97.7453061
252,eurasia-turkey,,Turkey,Eurasia,Total,38.9597594,34.9249653
253,europe-albania,,Albania,Europe,Total,41.000028,19.9999619
254,europe-andorra,,Andorra,Europe,Total,42.5407167,1.5732033
255,europe-austria,,Austria,Europe,Total,47.2000338,13.199959
256,europe-belarus,,Belarus,Europe,Total,53.4250605,27.6971358
257,europe-belgium,,Belgium,Europe,Total,50.6402809,4.6667145
258,europe-bosnia-and-herzegovina,,Bosnia and Herzegovina,Europe,Total,44.3053476,17.5961467
259,europe-bulgaria,,Bulgaria,Europe,Total,42.6073975,25.4856617
260,europe-croatia,,Croatia,Europe,Total,45.5643442,17.0118954
261,europe-czechia,,Czechia,Europe,Total,49.8167003,15.4749544
262,europe-denmark,,Denmark,Europe,Total,55.670249,10.3333283
263,europe-denmark-faroe-islands,Faroe Islands,Denmark,Europe,Total,54.95007595,11.990187202288263
264,europe-denmark-greenland,Greenland,Denmark,Europe,Total,71.8311379,-38.8568271537351
265,europe-estonia,,Estonia,Europe,Total,58.7523778,25.3319078
266,europe-finland,,Finland,Europe,Total,63.2467777,25.9209164
267,europe-france,,France,Europe,Total,46.603354,1.8883335
268,europe-france-french-guiana,French Guiana,France,Europe,Total,4.0039882,-52.999998
269,europe-france-french-polynesia,French Polynesia,France,Europe,Total,-16.03442485,-146.0490931059517
270,europe-france-guadeloupe,Guadeloupe,France,Europe,Total,16.2490067,-61.5650444
271,europe-france-martinique,Martinique,France,Europe,Total,14.6113732,-60.9620777
272,europe-france-mayotte,Mayotte,France,Europe,Total,-12.823048,45.1520755
273,europe-france-new-caledonia,New Caledonia,France,Europe,Total,-20.454288599999998,164.55660583077983
274,europe-france-reunion,Reunion,France,Europe,Total,-21.1309332,55.5265771
275,europe-france-saint-barthelemy,Saint Barthelemy,France,Europe,Total,17.9036287,-62.811568843006896
276,europe-france-saint-pierre-and-miquelon,Saint Pierre and Miquelon,France,Europe,Total,46.783246899999995,-56.195158907484085
277,europe-france-st-martin,St Martin,France,Europe,Total,48.5683066,6.7539988
278,europe-germany,,Germany,Europe,Total,51.0834196,10.4234469
279,europe-greece,,Greece,Europe,Total,38.9953683,21.9877132
280,europe-hungary,,Hungary,Europe,Total,47.1817585,19.5060937
281,europe-iceland,,Iceland,Europe,Total,64.9841821,-18.1059013
282,europe-ireland,,Ireland,Europe,Total,52.865196,-7.9794599
283,europe-italy,,Italy,Europe,Total,42.6384261,12.674297
284,europe-kosovo,,Kosovo,Europe,Total,42.5869578,20.9021231
285,europe-latvia,,Latvia,Europe,Total,56.8406494,24.7537645
286,europe-liechtenstein,,Liechtenstein,Europe,Total,47.1416307,9.5531527
287,europe-lithuania,,Lithuania,Europe,Total,55.3500003,23.7499997
288,europe-luxembourg,,Luxembourg,Europe,Total,49.8158683,6.1296751
289,europe-malta,,Malta,Europe,Total,35.8885993,14.4476911
290,europe-moldova,,Moldova,Europe,Total,47.2879608,28.5670941
291,europe-monaco,,Monaco,Europe,Total,43.7323492,7.4276832
292,europe-montenegro,,Montenegro,Europe,Total,42.9868853,19.5180992
293,europe-netherlands-aruba,Aruba,Netherlands,Europe,Total,12.4902998,-69.9609842
294,europe-netherlands-bonaire-sint-eustatius-and-saba,"Bonaire, Sint Eustatius and Saba",Netherlands,Europe,Total,17.632196999999998,-63.23564245991936
295,europe-netherlands-curacao,Curacao,Netherlands,Europe,Total,12.1845,-68.9640875031406
296,europe-netherlands,,Netherlands,Europe,Total,52.5001698,5.7480821
297,europe-netherlands-sint-maarten,Sint Maarten,Netherlands,Europe,Total,50.8381331,4.9237307
298,europe-north-macedonia,,North Macedonia,Europe,Total,41.6171214,21.7168387
299,europe-norway,,Norway,Europe,Total,64.5731537,11.52803643954819
300,europe-poland,,Poland,Europe,Total,52.215933,19.134422
301,europe-portugal,,Portugal,Europe,Total,40.0332629,-7.8896263
302,europe-romania,,Romania,Europe,Total,45.9852129,24.6859225
303,europe-san-marino,,San Marino,Europe,Total,43.9458623,12.458306
304,europe-serbia,,Serbia,Europe,Total,44.024322850000004,21.07657433209902
305,europe-slovakia,,Slovakia,Europe,Total,48.7411522,19.4528646
306,europe-slovenia,,Slovenia,Europe,Total,45.8133113,14.4808369
307,europe-spain,,Spain,Europe,Total,39.3262345,-4.8380649
308,europe-sweden,,Sweden,Europe,Total,59.6749712,14.5208584
309,europe-switzerland,,Switzerland,Europe,Total,46.7985624,8.2319736
310,europe-ukraine,,Ukraine,Europe,Total,49.4871968,31.2718321
311,europe-united-kingdom-anguilla,Anguilla,United Kingdom,Europe,Total,51.53827235,-2.555893281952663
312,europe-united-kingdom-bermuda,Bermuda,United Kingdom,Europe,Total,52.5056354,-1.4789788
313,europe-united-kingdom-british-virgin-islands,British Virgin Islands,United Kingdom,Europe,Total,0.0,0.0
314,europe-united-kingdom-cayman-islands,Cayman Islands,United Kingdom,Europe,Total,0.0,0.0
315,europe-united-kingdom-channel-islands,Channel Islands,United Kingdom,Europe,Total,0.0,0.0
316,europe-united-kingdom-falkland-islands-malvinas,Falkland Islands (Malvinas),United Kingdom,Europe,Total,0.0,0.0
317,europe-united-kingdom-gibraltar,Gibraltar,United Kingdom,Europe,Total,52.1411551,1.2009453
318,europe-united-kingdom-isle-of-man,Isle of Man,United Kingdom,Europe,Total,54.2358167,-4.514598745698255
319,europe-united-kingdom-montserrat,Montserrat,United Kingdom,Europe,Total,51.7283857,-2.2085499
320,europe-united-kingdom-turks-and-caicos-islands,Turks and Caicos Islands,United Kingdom,Europe,Total,0.0,0.0
321,europe-united-kingdom,,United Kingdom,Europe,Total,54.7023545,-3.2765753
322,europe-vatican-city,,Vatican City,Europe,Total,41.90381485,12.453152716779822
323,ships-diamond-princess,,Diamond Princess,Ships,Total,0.0,0.0
324,ships-ms-zaandam,,MS Zaandam,Ships,Total,0.0,0.0
